1.500000000000000000e+01,3.000000000000000000e+01,1.000000000000000000e+01,3.285599999999999909e+03,7.473000000000000000e+03,1.286000000000000000e+03,1.500000000000000000e+01,3.000000000000000000e+01,1.000000000000000000e+01,0.000000000000000000e+00,0.000000000000000000e+00,0.000000000000000000e+00,0.000000000000000000e+00,0.000000000000000000e+00,0.000000000000000000e+00,1.399999999999999911e+00,1.000000000000000000e+00,2.000000000000000000e+00,2.000000000000000111e-01,1.000000000000000000e+00,0.000000000000000000e+00,0.000000000000000000e+00,2.099999999999999645e-01,0.000000000000000000e+00,6.300000000000000000e+01,0.000000000000000000e+00,0.000000000000000000e+00,0.000000000000000000e+00,0.000000000000000000e+00,0.000000000000000000e+00,0.000000000000000000e+00
1.500000000000000000e+01,3.000000000000000000e+01,1.000000000000000000e+01,2.985000000000000000e+03,6.864000000000000000e+03,1.286000000000000000e+03,1.500000000000000000e+01,3.000000000000000000e+01,1.000000000000000000e+01,0.000000000000000000e+00,0.000000000000000000e+00,0.000000000000000000e+00,0.000000000000000000e+00,0.000000000000000000e+00,0.000000000000000000e+00,1.500000000000000000e+00,1.000000000000000000e+00,2.000000000000000000e+00,4.000000000000000222e-01,1.000000000000000000e+00,0.000000000000000000e+00,0.000000000000000000e+00,2.400000000000000466e-01,0.000000000000000000e+00,6.300000000000000000e+01,0.000000000000000000e+00,0.000000000000000000e+00,0.000000000000000000e+00,0.000000000000000000e+00,0.000000000000000000e+00,0.000000000000000000e+00
1.500000000000000000e+01,3.000000000000000000e+01,1.000000000000000000e+01,2.834699999999999818e+03,6.864000000000000000e+03,1.286000000000000000e+03,1.500000000000000000e+01,3.000000000000000000e+01,1.000000000000000000e+01,0.000000000000000000e+00,0.000000000000000000e+00,0.000000000000000000e+00,0.000000000000000000e+00,0.000000000000000000e+00,0.000000000000000000e+00,1.500000000000000000e+00,1.000000000000000000e+00,2.000000000000000000e+00,6.999999999999999556e-01,2.000000000000000000e+00,0.000000000000000000e+00,0.000000000000000000e+00,2.099999999999999645e-01,0.000000000000000000e+00,6.300000000000000000e+01,0.000000000000000000e+00,0.000000000000000000e+00,0.000000000000000000e+00,0.000000000000000000e+00,0.000000000000000000e+00,0.000000000000000000e+00
1.700000000000000000e+01,3.000000000000000000e+01,1.000000000000000000e+01,3.453400000000000091e+03,7.473000000000000000e+03,1.286000000000000000e+03,1.700000000000000000e+01,3.000000000000000000e+01,1.000000000000000000e+01,0.000000000000000000e+00,0.000000000000000000e+00,0.000000000000000000e+00,0.000000000000000000e+00,0.000000000000000000e+00,0.000000000000000000e+00,1.699999999999999956e+00,1.000000000000000000e+00,3.000000000000000000e+00,5.000000000000000000e-01,2.000000000000000000e+00,0.000000000000000000e+00,0.000000000000000000e+00,2.400000000000000466e-01,0.000000000000000000e+00,6.300000000000000000e+01,0.000000000000000000e+00,0.000000000000000000e+00,0.000000000000000000e+00,0.000000000000000000e+00,0.000000000000000000e+00,0.000000000000000000e+00
1.600000000000000000e+01,3.000000000000000000e+01,1.000000000000000000e+01,3.174500000000000000e+03,7.473000000000000000e+03,1.286000000000000000e+03,1.600000000000000000e+01,3.000000000000000000e+01,1.000000000000000000e+01,0.000000000000000000e+00,0.000000000000000000e+00,0.000000000000000000e+00,0.000000000000000000e+00,0.000000000000000000e+00,0.000000000000000000e+00,1.600000000000000089e+00,1.000000000000000000e+00,3.000000000000000000e+00,4.000000000000000222e-01,2.000000000000000000e+00,0.000000000000000000e+00,0.000000000000000000e+00,2.099999999999999645e-01,0.000000000000000000e+00,6.300000000000000000e+01,0.000000000000000000e+00,0.000000000000000000e+00,0.000000000000000000e+00,0.000000000000000000e+00,0.000000000000000000e+00,0.000000000000000000e+00
1.769999999999999929e+01,3.900000000000000000e+01,1.000000000000000000e+01,3.540300000000000182e+03,8.434000000000000000e+03,1.286000000000000000e+03,1.769999999999999929e+01,3.900000000000000000e+01,1.000000000000000000e+01,0.000000000000000000e+00,0.000000000000000000e+00,0.000000000000000000e+00,0.000000000000000000e+00,0.000000000000000000e+00,0.000000000000000000e+00,1.500000000000000000e+00,1.000000000000000000e+00,3.000000000000000000e+00,5.999999999999999778e-01,2.000000000000000000e+00,0.000000000000000000e+00,0.000000000000000000e+00,2.099999999999999645e-01,0.000000000000000000e+00,6.300000000000000000e+01,0.000000000000000000e+00,0.000000000000000000e+00,0.000000000000000000e+00,0.000000000000000000e+00,0.000000000000000000e+00,0.000000000000000000e+00
1.580000000000000071e+01,3.900000000000000000e+01,1.000000000000000000e+01,2.925599999999999909e+03,8.434000000000000000e+03,1.286000000000000000e+03,1.580000000000000071e+01,3.900000000000000000e+01,1.000000000000000000e+01,0.000000000000000000e+00,0.000000000000000000e+00,0.000000000000000000e+00,0.000000000000000000e+00,0.000000000000000000e+00,0.000000000000000000e+00,1.600000000000000089e+00,1.000000000000000000e+00,4.000000000000000000e+00,5.999999999999999778e-01,2.000000000000000000e+00,0.000000000000000000e+00,0.000000000000000000e+00,2.099999999999999645e-01,0.000000000000000000e+00,6.300000000000000000e+01,0.000000000000000000e+00,0.000000000000000000e+00,0.000000000000000000e+00,0.000000000000000000e+00,0.000000000000000000e+00,0.000000000000000000e+00
1.780000000000000071e+01,4.000000000000000000e+01,1.000000000000000000e+01,3.182800000000000182e+03,8.434000000000000000e+03,1.286000000000000000e+03,1.780000000000000071e+01,4.000000000000000000e+01,1.000000000000000000e+01,0.000000000000000000e+00,0.000000000000000000e+00,0.000000000000000000e+00,0.000000000000000000e+00,0.000000000000000000e+00,0.000000000000000000e+00,1.800000000000000044e+00,1.000000000000000000e+00,4.000000000000000000e+00,9.000000000000000222e-01,2.000000000000000000e+00,0.000000000000000000e+00,0.000000000000000000e+00,2.400000000000000466e-01,0.000000000000000000e+00,6.300000000000000000e+01,0.000000000000000000e+00,0.000000000000000000e+00,0.000000000000000000e+00,0.000000000000000000e+00,0.000000000000000000e+00,0.000000000000000000e+00
1.800000000000000000e+01,4.000000000000000000e+01,1.000000000000000000e+01,3.492599999999999909e+03,8.434000000000000000e+03,1.286000000000000000e+03,1.800000000000000000e+01,4.000000000000000000e+01,1.000000000000000000e+01,0.000000000000000000e+00,0.000000000000000000e+00,0.000000000000000000e+00,0.000000000000000000e+00,0.000000000000000000e+00,0.000000000000000000e+00,1.800000000000000044e+00,1.000000000000000000e+00,4.000000000000000000e+00,6.999999999999999556e-01,1.000000000000000000e+00,0.000000000000000000e+00,0.000000000000000000e+00,2.500000000000000000e-01,0.000000000000000000e+00,6.300000000000000000e+01,0.000000000000000000e+00,0.000000000000000000e+00,0.000000000000000000e+00,0.000000000000000000e+00,0.000000000000000000e+00,0.000000000000000000e+00
1.600000000000000000e+01,4.000000000000000000e+01,1.000000000000000000e+01,3.353300000000000182e+03,6.362000000000000000e+03,1.286000000000000000e+03,1.600000000000000000e+01,4.000000000000000000e+01,1.000000000000000000e+01,0.000000000000000000e+00,0.000000000000000000e+00,0.000000000000000000e+00,0.000000000000000000e+00,0.000000000000000000e+00,0.000000000000000000e+00,1.699999999999999956e+00,1.000000000000000000e+00,3.000000000000000000e+00,5.000000000000000000e-01,1.000000000000000000e+00,0.000000000000000000e+00,0.000000000000000000e+00,2.500000000000000000e-01,0.000000000000000000e+00,6.300000000000000000e+01,0.000000000000000000e+00,0.000000000000000000e+00,0.000000000000000000e+00,0.000000000000000000e+00,0.000000000000000000e+00,0.000000000000000000e+00
1.600000000000000000e+01,2.000000000000000000e+01,1.000000000000000000e+01,3.442699999999999818e+03,4.684000000000000000e+03,1.286000000000000000e+03,1.600000000000000000e+01,2.000000000000000000e+01,1.000000000000000000e+01,0.000000000000000000e+00,0.000000000000000000e+00,0.000000000000000000e+00,0.000000000000000000e+00,0.000000000000000000e+00,0.000000000000000000e+00,1.500000000000000000e+00,1.000000000000000000e+00,3.000000000000000000e+00,5.000000000000000000e-01,1.000000000000000000e+00,0.000000000000000000e+00,0.000000000000000000e+00,2.400000000000000466e-01,0.000000000000000000e+00,6.300000000000000000e+01,0.000000000000000000e+00,0.000000000000000000e+00,0.000000000000000000e+00,0.000000000000000000e+00,0.000000000000000000e+00,0.000000000000000000e+00
2.000000000000000000e+01,5.000000000000000000e+01,1.000000000000000000e+01,4.290100000000000364e+03,1.065400000000000000e+04,1.286000000000000000e+03,2.000000000000000000e+01,5.000000000000000000e+01,1.000000000000000000e+01,0.000000000000000000e+00,0.000000000000000000e+00,0.000000000000000000e+00,0.000000000000000000e+00,0.000000000000000000e+00,0.000000000000000000e+00,2.000000000000000000e+00,1.000000000000000000e+00,4.000000000000000000e+00,5.000000000000000000e-01,1.000000000000000000e+00,0.000000000000000000e+00,0.000000000000000000e+00,6.100000000000000977e-01,0.000000000000000000e+00,6.300000000000000000e+01,0.000000000000000000e+00,0.000000000000000000e+00,0.000000000000000000e+00,0.000000000000000000e+00,0.000000000000000000e+00,0.000000000000000000e+00
2.200000000000000000e+01,5.000000000000000000e+01,1.000000000000000000e+01,4.397000000000000000e+03,1.065400000000000000e+04,1.286000000000000000e+03,2.200000000000000000e+01,5.000000000000000000e+01,1.000000000000000000e+01,0.000000000000000000e+00,0.000000000000000000e+00,0.000000000000000000e+00,0.000000000000000000e+00,0.000000000000000000e+00,0.000000000000000000e+00,2.200000000000000178e+00,1.000000000000000000e+00,4.000000000000000000e+00,5.999999999999999778e-01,1.000000000000000000e+00,0.000000000000000000e+00,0.000000000000000000e+00,4.899999999999999356e-01,0.000000000000000000e+00,6.300000000000000000e+01,0.000000000000000000e+00,0.000000000000000000e+00,0.000000000000000000e+00,0.000000000000000000e+00,0.000000000000000000e+00,0.000000000000000000e+00
2.600000000000000000e+01,5.000000000000000000e+01,1.000000000000000000e+01,5.394699999999999818e+03,1.065400000000000000e+04,1.286000000000000000e+03,2.600000000000000000e+01,5.000000000000000000e+01,1.000000000000000000e+01,0.000000000000000000e+00,0.000000000000000000e+00,0.000000000000000000e+00,0.000000000000000000e+00,0.000000000000000000e+00,0.000000000000000000e+00,2.399999999999999911e+00,1.000000000000000000e+00,4.000000000000000000e+00,6.999999999999999556e-01,2.000000000000000000e+00,0.000000000000000000e+00,0.000000000000000000e+00,4.899999999999999356e-01,0.000000000000000000e+00,6.300000000000000000e+01,0.000000000000000000e+00,0.000000000000000000e+00,0.000000000000000000e+00,0.000000000000000000e+00,0.000000000000000000e+00,0.000000000000000000e+00
2.200000000000000000e+01,4.000000000000000000e+01,1.000000000000000000e+01,4.547300000000000182e+03,9.368000000000000000e+03,1.286000000000000000e+03,2.200000000000000000e+01,4.000000000000000000e+01,1.000000000000000000e+01,0.000000000000000000e+00,0.000000000000000000e+00,0.000000000000000000e+00,0.000000000000000000e+00,0.000000000000000000e+00,0.000000000000000000e+00,2.299999999999999822e+00,1.000000000000000000e+00,4.000000000000000000e+00,6.999999999999999556e-01,2.000000000000000000e+00,0.000000000000000000e+00,0.000000000000000000e+00,3.600000000000000422e-01,0.000000000000000000e+00,6.300000000000000000e+01,0.000000000000000000e+00,0.000000000000000000e+00,0.000000000000000000e+00,0.000000000000000000e+00,0.000000000000000000e+00,0.000000000000000000e+00
2.100000000000000000e+01,4.000000000000000000e+01,1.000000000000000000e+01,4.329300000000000182e+03,9.368000000000000000e+03,1.286000000000000000e+03,2.100000000000000000e+01,4.000000000000000000e+01,1.000000000000000000e+01,0.000000000000000000e+00,0.000000000000000000e+00,0.000000000000000000e+00,0.000000000000000000e+00,0.000000000000000000e+00,0.000000000000000000e+00,2.100000000000000089e+00,1.000000000000000000e+00,3.000000000000000000e+00,6.999999999999999556e-01,2.000000000000000000e+00,0.000000000000000000e+00,0.000000000000000000e+00,4.099999999999999756e-01,0.000000000000000000e+00,6.300000000000000000e+01,0.000000000000000000e+00,0.000000000000000000e+00,0.000000000000000000e+00,0.000000000000000000e+00,0.000000000000000000e+00,0.000000000000000000e+00
2.000000000000000000e+01,4.000000000000000000e+01,1.000000000000000000e+01,3.810699999999999818e+03,5.970000000000000000e+03,1.286000000000000000e+03,2.000000000000000000e+01,4.000000000000000000e+01,1.000000000000000000e+01,0.000000000000000000e+00,0.000000000000000000e+00,0.000000000000000000e+00,0.000000000000000000e+00,0.000000000000000000e+00,0.000000000000000000e+00,2.000000000000000000e+00,1.000000000000000000e+00,3.000000000000000000e+00,5.000000000000000000e-01,1.000000000000000000e+00,0.000000000000000000e+00,0.000000000000000000e+00,6.100000000000000977e-01,0.000000000000000000e+00,6.300000000000000000e+01,0.000000000000000000e+00,0.000000000000000000e+00,0.000000000000000000e+00,0.000000000000000000e+00,0.000000000000000000e+00,0.000000000000000000e+00
2.400000000000000000e+01,4.000000000000000000e+01,1.000000000000000000e+01,4.776000000000000000e+03,8.367000000000000000e+03,1.286000000000000000e+03,2.400000000000000000e+01,4.000000000000000000e+01,1.000000000000000000e+01,0.000000000000000000e+00,0.000000000000000000e+00,0.000000000000000000e+00,0.000000000000000000e+00,0.000000000000000000e+00,0.000000000000000000e+00,2.299999999999999822e+00,1.000000000000000000e+00,4.000000000000000000e+00,9.000000000000000222e-01,2.000000000000000000e+00,0.000000000000000000e+00,0.000000000000000000e+00,5.600000000000000533e-01,0.000000000000000000e+00,6.300000000000000000e+01,0.000000000000000000e+00,0.000000000000000000e+00,0.000000000000000000e+00,0.000000000000000000e+00,0.000000000000000000e+00,0.000000000000000000e+00
2.400000000000000000e+01,4.000000000000000000e+01,1.000000000000000000e+01,4.776000000000000000e+03,8.367000000000000000e+03,1.895000000000000000e+03,2.400000000000000000e+01,4.000000000000000000e+01,1.000000000000000000e+01,0.000000000000000000e+00,0.000000000000000000e+00,0.000000000000000000e+00,0.000000000000000000e+00,0.000000000000000000e+00,0.000000000000000000e+00,2.399999999999999911e+00,1.000000000000000000e+00,4.000000000000000000e+00,8.000000000000000444e-01,2.000000000000000000e+00,0.000000000000000000e+00,0.000000000000000000e+00,5.600000000000000533e-01,0.000000000000000000e+00,6.300000000000000000e+01,0.000000000000000000e+00,0.000000000000000000e+00,0.000000000000000000e+00,0.000000000000000000e+00,0.000000000000000000e+00,0.000000000000000000e+00
2.500000000000000000e+01,4.000000000000000000e+01,1.000000000000000000e+01,4.754300000000000182e+03,8.367000000000000000e+03,1.895000000000000000e+03,2.500000000000000000e+01,4.000000000000000000e+01,1.000000000000000000e+01,0.000000000000000000e+00,0.000000000000000000e+00,0.000000000000000000e+00,0.000000000000000000e+00,0.000000000000000000e+00,0.000000000000000000e+00,2.500000000000000000e+00,1.000000000000000000e+00,4.000000000000000000e+00,9.000000000000000222e-01,2.000000000000000000e+00,0.000000000000000000e+00,0.000000000000000000e+00,4.899999999999999356e-01,0.000000000000000000e+00,6.300000000000000000e+01,0.000000000000000000e+00,0.000000000000000000e+00,0.000000000000000000e+00,0.000000000000000000e+00,0.000000000000000000e+00,0.000000000000000000e+00
1.900000000000000000e+01,3.000000000000000000e+01,1.000000000000000000e+01,3.682099999999999909e+03,7.473000000000000000e+03,1.286000000000000000e+03,1.900000000000000000e+01,3.000000000000000000e+01,1.000000000000000000e+01,0.000000000000000000e+00,0.000000000000000000e+00,0.000000000000000000e+00,0.000000000000000000e+00,0.000000000000000000e+00,0.000000000000000000e+00,2.100000000000000089e+00,1.000000000000000000e+00,4.000000000000000000e+00,6.999999999999999556e-01,2.000000000000000000e+00,0.000000000000000000e+00,0.000000000000000000e+00,3.600000000000000422e-01,0.000000000000000000e+00,6.300000000000000000e+01,0.000000000000000000e+00,0.000000000000000000e+00,0.000000000000000000e+00,0.000000000000000000e+00,0.000000000000000000e+00,0.000000000000000000e+00
1.839999999999999858e+01,3.400000000000000000e+01,1.000000000000000000e+01,3.654500000000000000e+03,8.483000000000000000e+03,1.286000000000000000e+03,1.839999999999999858e+01,3.400000000000000000e+01,1.000000000000000000e+01,0.000000000000000000e+00,0.000000000000000000e+00,0.000000000000000000e+00,0.000000000000000000e+00,0.000000000000000000e+00,0.000000000000000000e+00,2.000000000000000000e+00,1.000000000000000000e+00,4.000000000000000000e+00,5.999999999999999778e-01,1.000000000000000000e+00,0.000000000000000000e+00,0.000000000000000000e+00,3.600000000000000422e-01,0.000000000000000000e+00,6.300000000000000000e+01,0.000000000000000000e+00,0.000000000000000000e+00,0.000000000000000000e+00,0.000000000000000000e+00,0.000000000000000000e+00,0.000000000000000000e+00
1.939999999999999858e+01,3.400000000000000000e+01,1.000000000000000000e+01,3.933400000000000091e+03,8.483000000000000000e+03,1.286000000000000000e+03,1.939999999999999858e+01,3.400000000000000000e+01,1.000000000000000000e+01,0.000000000000000000e+00,0.000000000000000000e+00,0.000000000000000000e+00,0.000000000000000000e+00,0.000000000000000000e+00,0.000000000000000000e+00,2.000000000000000000e+00,1.000000000000000000e+00,4.000000000000000000e+00,5.999999999999999778e-01,1.000000000000000000e+00,0.000000000000000000e+00,0.000000000000000000e+00,3.599999999999999867e-01,0.000000000000000000e+00,6.300000000000000000e+01,0.000000000000000000e+00,0.000000000000000000e+00,0.000000000000000000e+00,0.000000000000000000e+00,0.000000000000000000e+00,0.000000000000000000e+00
1.939999999999999858e+01,3.400000000000000000e+01,1.000000000000000000e+01,3.994300000000000182e+03,8.483000000000000000e+03,1.286000000000000000e+03,1.939999999999999858e+01,3.400000000000000000e+01,1.000000000000000000e+01,0.000000000000000000e+00,0.000000000000000000e+00,0.000000000000000000e+00,0.000000000000000000e+00,0.000000000000000000e+00,0.000000000000000000e+00,2.000000000000000000e+00,1.000000000000000000e+00,4.000000000000000000e+00,5.999999999999999778e-01,1.000000000000000000e+00,0.000000000000000000e+00,0.000000000000000000e+00,4.099999999999999756e-01,0.000000000000000000e+00,6.300000000000000000e+01,0.000000000000000000e+00,0.000000000000000000e+00,0.000000000000000000e+00,0.000000000000000000e+00,0.000000000000000000e+00,0.000000000000000000e+00
2.000000000000000000e+01,3.000000000000000000e+01,1.000000000000000000e+01,4.021900000000000091e+03,5.578000000000000000e+03,1.286000000000000000e+03,2.000000000000000000e+01,3.000000000000000000e+01,1.000000000000000000e+01,0.000000000000000000e+00,0.000000000000000000e+00,0.000000000000000000e+00,0.000000000000000000e+00,0.000000000000000000e+00,0.000000000000000000e+00,2.100000000000000089e+00,1.000000000000000000e+00,4.000000000000000000e+00,5.000000000000000000e-01,1.000000000000000000e+00,0.000000000000000000e+00,0.000000000000000000e+00,4.400000000000000577e-01,0.000000000000000000e+00,6.300000000000000000e+01,0.000000000000000000e+00,0.000000000000000000e+00,0.000000000000000000e+00,0.000000000000000000e+00,0.000000000000000000e+00,0.000000000000000000e+00
2.000000000000000000e+01,3.000000000000000000e+01,1.000000000000000000e+01,3.993400000000000091e+03,5.578000000000000000e+03,1.895000000000000000e+03,2.000000000000000000e+01,3.000000000000000000e+01,1.000000000000000000e+01,0.000000000000000000e+00,0.000000000000000000e+00,0.000000000000000000e+00,0.000000000000000000e+00,0.000000000000000000e+00,0.000000000000000000e+00,2.000000000000000000e+00,1.000000000000000000e+00,3.000000000000000000e+00,2.999999999999999889e-01,1.000000000000000000e+00,0.000000000000000000e+00,0.000000000000000000e+00,2.500000000000000000e-01,0.000000000000000000e+00,6.300000000000000000e+01,0.000000000000000000e+00,0.000000000000000000e+00,0.000000000000000000e+00,0.000000000000000000e+00,0.000000000000000000e+00,0.000000000000000000e+00
1.900000000000000000e+01,3.000000000000000000e+01,1.000000000000000000e+01,3.982699999999999818e+03,5.578000000000000000e+03,1.895000000000000000e+03,1.900000000000000000e+01,3.000000000000000000e+01,1.000000000000000000e+01,0.000000000000000000e+00,0.000000000000000000e+00,0.000000000000000000e+00,0.000000000000000000e+00,0.000000000000000000e+00,0.000000000000000000e+00,2.000000000000000000e+00,1.000000000000000000e+00,3.000000000000000000e+00,5.000000000000000000e-01,1.000000000000000000e+00,0.000000000000000000e+00,0.000000000000000000e+00,2.400000000000000466e-01,0.000000000000000000e+00,6.300000000000000000e+01,0.000000000000000000e+00,0.000000000000000000e+00,0.000000000000000000e+00,0.000000000000000000e+00,0.000000000000000000e+00,0.000000000000000000e+00
1.800000000000000000e+01,3.000000000000000000e+01,1.000000000000000000e+01,3.553500000000000000e+03,5.578000000000000000e+03,1.286000000000000000e+03,1.800000000000000000e+01,3.000000000000000000e+01,1.000000000000000000e+01,0.000000000000000000e+00,0.000000000000000000e+00,0.000000000000000000e+00,0.000000000000000000e+00,0.000000000000000000e+00,0.000000000000000000e+00,1.699999999999999956e+00,1.000000000000000000e+00,3.000000000000000000e+00,4.000000000000000222e-01,1.000000000000000000e+00,0.000000000000000000e+00,0.000000000000000000e+00,2.500000000000000000e-01,0.000000000000000000e+00,6.300000000000000000e+01,0.000000000000000000e+00,0.000000000000000000e+00,0.000000000000000000e+00,0.000000000000000000e+00,0.000000000000000000e+00,0.000000000000000000e+00
1.880000000000000071e+01,3.800000000000000000e+01,1.000000000000000000e+01,3.701400000000000091e+03,7.164000000000000000e+03,1.286000000000000000e+03,1.880000000000000071e+01,3.800000000000000000e+01,1.000000000000000000e+01,0.000000000000000000e+00,0.000000000000000000e+00,0.000000000000000000e+00,0.000000000000000000e+00,0.000000000000000000e+00,0.000000000000000000e+00,1.800000000000000044e+00,1.000000000000000000e+00,4.000000000000000000e+00,5.999999999999999778e-01,2.000000000000000000e+00,0.000000000000000000e+00,0.000000000000000000e+00,4.400000000000000577e-01,0.000000000000000000e+00,6.300000000000000000e+01,0.000000000000000000e+00,0.000000000000000000e+00,0.000000000000000000e+00,0.000000000000000000e+00,0.000000000000000000e+00,0.000000000000000000e+00
1.780000000000000071e+01,3.800000000000000000e+01,1.000000000000000000e+01,3.272199999999999818e+03,7.164000000000000000e+03,1.286000000000000000e+03,1.780000000000000071e+01,3.800000000000000000e+01,1.000000000000000000e+01,0.000000000000000000e+00,0.000000000000000000e+00,0.000000000000000000e+00,0.000000000000000000e+00,0.000000000000000000e+00,0.000000000000000000e+00,1.899999999999999911e+00,1.000000000000000000e+00,4.000000000000000000e+00,8.000000000000000444e-01,2.000000000000000000e+00,0.000000000000000000e+00,0.000000000000000000e+00,4.100000000000000311e-01,0.000000000000000000e+00,6.300000000000000000e+01,0.000000000000000000e+00,0.000000000000000000e+00,0.000000000000000000e+00,0.000000000000000000e+00,0.000000000000000000e+00,0.000000000000000000e+00
1.880000000000000071e+01,3.800000000000000000e+01,1.000000000000000000e+01,3.490199999999999818e+03,7.164000000000000000e+03,1.286000000000000000e+03,1.880000000000000071e+01,3.800000000000000000e+01,1.000000000000000000e+01,0.000000000000000000e+00,0.000000000000000000e+00,0.000000000000000000e+00,0.000000000000000000e+00,0.000000000000000000e+00,0.000000000000000000e+00,1.899999999999999911e+00,1.000000000000000000e+00,4.000000000000000000e+00,1.000000000000000000e+00,2.000000000000000000e+00,0.000000000000000000e+00,0.000000000000000000e+00,4.400000000000000577e-01,0.000000000000000000e+00,6.300000000000000000e+01,0.000000000000000000e+00,0.000000000000000000e+00,0.000000000000000000e+00,0.000000000000000000e+00,0.000000000000000000e+00,0.000000000000000000e+00
1.600000000000000000e+01,3.000000000000000000e+01,1.000000000000000000e+01,3.052699999999999818e+03,4.684000000000000000e+03,1.286000000000000000e+03,1.600000000000000000e+01,3.000000000000000000e+01,1.000000000000000000e+01,0.000000000000000000e+00,0.000000000000000000e+00,0.000000000000000000e+00,0.000000000000000000e+00,0.000000000000000000e+00,0.000000000000000000e+00,1.600000000000000089e+00,1.000000000000000000e+00,2.000000000000000000e+00,6.999999999999999556e-01,2.000000000000000000e+00,0.000000000000000000e+00,0.000000000000000000e+00,2.400000000000000466e-01,0.000000000000000000e+00,6.300000000000000000e+01,0.000000000000000000e+00,0.000000000000000000e+00,0.000000000000000000e+00,0.000000000000000000e+00,0.000000000000000000e+00,0.000000000000000000e+00
1.400000000000000000e+01,3.000000000000000000e+01,1.000000000000000000e+01,2.645199999999999818e+03,4.467000000000000000e+03,1.286000000000000000e+03,1.400000000000000000e+01,3.000000000000000000e+01,1.000000000000000000e+01,0.000000000000000000e+00,0.000000000000000000e+00,0.000000000000000000e+00,0.000000000000000000e+00,0.000000000000000000e+00,0.000000000000000000e+00,1.500000000000000000e+00,1.000000000000000000e+00,2.000000000000000000e+00,6.999999999999999556e-01,2.000000000000000000e+00,0.000000000000000000e+00,0.000000000000000000e+00,2.100000000000000200e-01,0.000000000000000000e+00,6.300000000000000000e+01,0.000000000000000000e+00,0.000000000000000000e+00,0.000000000000000000e+00,0.000000000000000000e+00,0.000000000000000000e+00,0.000000000000000000e+00
1.380000000000000071e+01,2.800000000000000000e+01,1.000000000000000000e+01,2.936599999999999909e+03,6.772000000000000000e+03,1.286000000000000000e+03,1.380000000000000071e+01,2.800000000000000000e+01,1.000000000000000000e+01,0.000000000000000000e+00,0.000000000000000000e+00,0.000000000000000000e+00,0.000000000000000000e+00,0.000000000000000000e+00,0.000000000000000000e+00,1.399999999999999911e+00,1.000000000000000000e+00,3.000000000000000000e+00,4.000000000000000222e-01,1.000000000000000000e+00,0.000000000000000000e+00,0.000000000000000000e+00,2.099999999999999645e-01,0.000000000000000000e+00,6.300000000000000000e+01,0.000000000000000000e+00,0.000000000000000000e+00,0.000000000000000000e+00,0.000000000000000000e+00,0.000000000000000000e+00,0.000000000000000000e+00
1.680000000000000071e+01,2.800000000000000000e+01,1.000000000000000000e+01,3.623000000000000000e+03,6.772000000000000000e+03,1.286000000000000000e+03,1.680000000000000071e+01,2.800000000000000000e+01,1.000000000000000000e+01,0.000000000000000000e+00,0.000000000000000000e+00,0.000000000000000000e+00,0.000000000000000000e+00,0.000000000000000000e+00,0.000000000000000000e+00,1.600000000000000089e+00,1.000000000000000000e+00,3.000000000000000000e+00,5.000000000000000000e-01,1.000000000000000000e+00,0.000000000000000000e+00,0.000000000000000000e+00,2.400000000000000466e-01,0.000000000000000000e+00,6.300000000000000000e+01,0.000000000000000000e+00,0.000000000000000000e+00,0.000000000000000000e+00,0.000000000000000000e+00,0.000000000000000000e+00,0.000000000000000000e+00
1.880000000000000071e+01,3.000000000000000000e+01,1.000000000000000000e+01,4.062900000000000091e+03,6.772000000000000000e+03,1.895000000000000000e+03,1.880000000000000071e+01,3.000000000000000000e+01,1.000000000000000000e+01,0.000000000000000000e+00,0.000000000000000000e+00,0.000000000000000000e+00,0.000000000000000000e+00,0.000000000000000000e+00,0.000000000000000000e+00,1.899999999999999911e+00,1.000000000000000000e+00,3.000000000000000000e+00,5.000000000000000000e-01,1.000000000000000000e+00,0.000000000000000000e+00,0.000000000000000000e+00,2.500000000000000000e-01,0.000000000000000000e+00,6.300000000000000000e+01,0.000000000000000000e+00,0.000000000000000000e+00,0.000000000000000000e+00,0.000000000000000000e+00,0.000000000000000000e+00,0.000000000000000000e+00
1.900000000000000000e+01,3.000000000000000000e+01,1.000000000000000000e+01,4.222399999999999636e+03,6.864000000000000000e+03,2.789000000000000000e+03,1.900000000000000000e+01,3.000000000000000000e+01,1.000000000000000000e+01,0.000000000000000000e+00,0.000000000000000000e+00,0.000000000000000000e+00,0.000000000000000000e+00,0.000000000000000000e+00,0.000000000000000000e+00,1.699999999999999956e+00,1.000000000000000000e+00,3.000000000000000000e+00,2.000000000000000111e-01,1.000000000000000000e+00,0.000000000000000000e+00,0.000000000000000000e+00,2.099999999999999645e-01,0.000000000000000000e+00,6.300000000000000000e+01,0.000000000000000000e+00,0.000000000000000000e+00,0.000000000000000000e+00,0.000000000000000000e+00,0.000000000000000000e+00,0.000000000000000000e+00
1.900000000000000000e+01,3.000000000000000000e+01,1.000000000000000000e+01,4.011199999999999818e+03,6.864000000000000000e+03,1.286000000000000000e+03,1.900000000000000000e+01,3.000000000000000000e+01,1.000000000000000000e+01,0.000000000000000000e+00,0.000000000000000000e+00,0.000000000000000000e+00,0.000000000000000000e+00,0.000000000000000000e+00,0.000000000000000000e+00,1.899999999999999911e+00,1.000000000000000000e+00,3.000000000000000000e+00,5.000000000000000000e-01,1.000000000000000000e+00,0.000000000000000000e+00,0.000000000000000000e+00,4.500000000000000111e-01,0.000000000000000000e+00,6.300000000000000000e+01,0.000000000000000000e+00,0.000000000000000000e+00,0.000000000000000000e+00,0.000000000000000000e+00,0.000000000000000000e+00,0.000000000000000000e+00
1.700000000000000000e+01,3.000000000000000000e+01,1.000000000000000000e+01,3.453400000000000091e+03,6.864000000000000000e+03,1.286000000000000000e+03,1.700000000000000000e+01,3.000000000000000000e+01,1.000000000000000000e+01,0.000000000000000000e+00,0.000000000000000000e+00,0.000000000000000000e+00,0.000000000000000000e+00,0.000000000000000000e+00,0.000000000000000000e+00,1.800000000000000044e+00,1.000000000000000000e+00,3.000000000000000000e+00,5.999999999999999778e-01,1.000000000000000000e+00,0.000000000000000000e+00,0.000000000000000000e+00,4.500000000000000111e-01,0.000000000000000000e+00,6.300000000000000000e+01,0.000000000000000000e+00,0.000000000000000000e+00,0.000000000000000000e+00,0.000000000000000000e+00,0.000000000000000000e+00,0.000000000000000000e+00
1.900000000000000000e+01,3.000000000000000000e+01,1.000000000000000000e+01,3.860900000000000091e+03,7.473000000000000000e+03,1.286000000000000000e+03,1.900000000000000000e+01,3.000000000000000000e+01,1.000000000000000000e+01,0.000000000000000000e+00,0.000000000000000000e+00,0.000000000000000000e+00,0.000000000000000000e+00,0.000000000000000000e+00,0.000000000000000000e+00,2.000000000000000000e+00,1.000000000000000000e+00,3.000000000000000000e+00,5.999999999999999778e-01,1.000000000000000000e+00,0.000000000000000000e+00,0.000000000000000000e+00,4.400000000000000577e-01,0.000000000000000000e+00,6.300000000000000000e+01,0.000000000000000000e+00,0.000000000000000000e+00,0.000000000000000000e+00,0.000000000000000000e+00,0.000000000000000000e+00,0.000000000000000000e+00
1.800000000000000000e+01,3.000000000000000000e+01,1.000000000000000000e+01,3.703800000000000182e+03,7.473000000000000000e+03,1.286000000000000000e+03,1.800000000000000000e+01,3.000000000000000000e+01,1.000000000000000000e+01,0.000000000000000000e+00,0.000000000000000000e+00,0.000000000000000000e+00,0.000000000000000000e+00,0.000000000000000000e+00,0.000000000000000000e+00,1.899999999999999911e+00,1.000000000000000000e+00,3.000000000000000000e+00,4.000000000000000222e-01,1.000000000000000000e+00,0.000000000000000000e+00,0.000000000000000000e+00,4.400000000000000577e-01,0.000000000000000000e+00,6.300000000000000000e+01,0.000000000000000000e+00,0.000000000000000000e+00,0.000000000000000000e+00,0.000000000000000000e+00,0.000000000000000000e+00,0.000000000000000000e+00
1.700000000000000000e+01,3.000000000000000000e+01,1.000000000000000000e+01,3.636099999999999909e+03,7.473000000000000000e+03,1.286000000000000000e+03,1.700000000000000000e+01,3.000000000000000000e+01,1.000000000000000000e+01,0.000000000000000000e+00,0.000000000000000000e+00,0.000000000000000000e+00,0.000000000000000000e+00,0.000000000000000000e+00,0.000000000000000000e+00,1.899999999999999911e+00,1.000000000000000000e+00,3.000000000000000000e+00,2.999999999999999889e-01,1.000000000000000000e+00,0.000000000000000000e+00,0.000000000000000000e+00,2.400000000000000466e-01,0.000000000000000000e+00,6.300000000000000000e+01,0.000000000000000000e+00,0.000000000000000000e+00,0.000000000000000000e+00,0.000000000000000000e+00,0.000000000000000000e+00,0.000000000000000000e+00
1.680000000000000071e+01,2.000000000000000000e+01,1.000000000000000000e+01,3.265400000000000091e+03,4.684000000000000000e+03,1.286000000000000000e+03,1.680000000000000071e+01,2.000000000000000000e+01,1.000000000000000000e+01,0.000000000000000000e+00,0.000000000000000000e+00,0.000000000000000000e+00,0.000000000000000000e+00,0.000000000000000000e+00,0.000000000000000000e+00,1.699999999999999956e+00,1.000000000000000000e+00,3.000000000000000000e+00,5.000000000000000000e-01,1.000000000000000000e+00,0.000000000000000000e+00,0.000000000000000000e+00,2.500000000000000000e-01,0.000000000000000000e+00,6.300000000000000000e+01,0.000000000000000000e+00,0.000000000000000000e+00,0.000000000000000000e+00,0.000000000000000000e+00,0.000000000000000000e+00,0.000000000000000000e+00
1.780000000000000071e+01,3.000000000000000000e+01,1.000000000000000000e+01,3.272199999999999818e+03,4.684000000000000000e+03,1.286000000000000000e+03,1.780000000000000071e+01,3.000000000000000000e+01,1.000000000000000000e+01,0.000000000000000000e+00,0.000000000000000000e+00,0.000000000000000000e+00,0.000000000000000000e+00,0.000000000000000000e+00,0.000000000000000000e+00,1.800000000000000044e+00,1.000000000000000000e+00,3.000000000000000000e+00,6.999999999999999556e-01,2.000000000000000000e+00,0.000000000000000000e+00,0.000000000000000000e+00,4.500000000000000111e-01,0.000000000000000000e+00,6.300000000000000000e+01,0.000000000000000000e+00,0.000000000000000000e+00,0.000000000000000000e+00,0.000000000000000000e+00,0.000000000000000000e+00,0.000000000000000000e+00
1.960000000000000142e+01,3.000000000000000000e+01,1.000000000000000000e+01,3.577199999999999818e+03,5.361000000000000000e+03,2.572000000000000000e+03,1.960000000000000142e+01,3.000000000000000000e+01,1.000000000000000000e+01,0.000000000000000000e+00,0.000000000000000000e+00,0.000000000000000000e+00,0.000000000000000000e+00,0.000000000000000000e+00,0.000000000000000000e+00,1.899999999999999911e+00,1.000000000000000000e+00,3.000000000000000000e+00,1.000000000000000000e+00,2.000000000000000000e+00,0.000000000000000000e+00,0.000000000000000000e+00,4.400000000000000577e-01,0.000000000000000000e+00,6.300000000000000000e+01,0.000000000000000000e+00,0.000000000000000000e+00,0.000000000000000000e+00,0.000000000000000000e+00,0.000000000000000000e+00,0.000000000000000000e+00
2.080000000000000071e+01,4.000000000000000000e+01,1.000000000000000000e+01,3.836800000000000182e+03,7.256000000000000000e+03,1.895000000000000000e+03,2.080000000000000071e+01,4.000000000000000000e+01,1.000000000000000000e+01,0.000000000000000000e+00,0.000000000000000000e+00,0.000000000000000000e+00,0.000000000000000000e+00,0.000000000000000000e+00,0.000000000000000000e+00,2.200000000000000178e+00,1.000000000000000000e+00,4.000000000000000000e+00,1.199999999999999956e+00,2.000000000000000000e+00,0.000000000000000000e+00,0.000000000000000000e+00,5.599999999999999423e-01,0.000000000000000000e+00,6.300000000000000000e+01,0.000000000000000000e+00,0.000000000000000000e+00,0.000000000000000000e+00,0.000000000000000000e+00,0.000000000000000000e+00,0.000000000000000000e+00
2.080000000000000071e+01,4.000000000000000000e+01,1.000000000000000000e+01,3.658000000000000000e+03,7.256000000000000000e+03,1.895000000000000000e+03,2.080000000000000071e+01,4.000000000000000000e+01,1.000000000000000000e+01,0.000000000000000000e+00,0.000000000000000000e+00,0.000000000000000000e+00,0.000000000000000000e+00,0.000000000000000000e+00,0.000000000000000000e+00,2.200000000000000178e+00,1.000000000000000000e+00,4.000000000000000000e+00,1.100000000000000089e+00,2.000000000000000000e+00,0.000000000000000000e+00,0.000000000000000000e+00,5.599999999999999423e-01,0.000000000000000000e+00,6.300000000000000000e+01,0.000000000000000000e+00,0.000000000000000000e+00,0.000000000000000000e+00,0.000000000000000000e+00,0.000000000000000000e+00,0.000000000000000000e+00
1.900000000000000000e+01,4.000000000000000000e+01,1.000000000000000000e+01,3.531800000000000182e+03,7.256000000000000000e+03,1.286000000000000000e+03,1.900000000000000000e+01,4.000000000000000000e+01,1.000000000000000000e+01,0.000000000000000000e+00,0.000000000000000000e+00,0.000000000000000000e+00,0.000000000000000000e+00,0.000000000000000000e+00,0.000000000000000000e+00,2.000000000000000000e+00,1.000000000000000000e+00,4.000000000000000000e+00,6.999999999999999556e-01,2.000000000000000000e+00,0.000000000000000000e+00,0.000000000000000000e+00,4.400000000000000577e-01,0.000000000000000000e+00,6.300000000000000000e+01,0.000000000000000000e+00,0.000000000000000000e+00,0.000000000000000000e+00,0.000000000000000000e+00,0.000000000000000000e+00,0.000000000000000000e+00
1.600000000000000000e+01,2.000000000000000000e+01,1.000000000000000000e+01,2.995699999999999818e+03,4.684000000000000000e+03,1.286000000000000000e+03,1.600000000000000000e+01,2.000000000000000000e+01,1.000000000000000000e+01,0.000000000000000000e+00,0.000000000000000000e+00,0.000000000000000000e+00,0.000000000000000000e+00,0.000000000000000000e+00,0.000000000000000000e+00,1.899999999999999911e+00,1.000000000000000000e+00,4.000000000000000000e+00,6.999999999999999556e-01,2.000000000000000000e+00,0.000000000000000000e+00,0.000000000000000000e+00,4.500000000000000111e-01,0.000000000000000000e+00,6.300000000000000000e+01,0.000000000000000000e+00,0.000000000000000000e+00,0.000000000000000000e+00,0.000000000000000000e+00,0.000000000000000000e+00,0.000000000000000000e+00
1.700000000000000000e+01,2.000000000000000000e+01,1.000000000000000000e+01,3.213699999999999818e+03,4.684000000000000000e+03,1.286000000000000000e+03,1.700000000000000000e+01,2.000000000000000000e+01,1.000000000000000000e+01,0.000000000000000000e+00,0.000000000000000000e+00,0.000000000000000000e+00,0.000000000000000000e+00,0.000000000000000000e+00,0.000000000000000000e+00,1.600000000000000089e+00,1.000000000000000000e+00,3.000000000000000000e+00,6.999999999999999556e-01,2.000000000000000000e+00,0.000000000000000000e+00,0.000000000000000000e+00,2.400000000000000466e-01,0.000000000000000000e+00,6.300000000000000000e+01,0.000000000000000000e+00,0.000000000000000000e+00,0.000000000000000000e+00,0.000000000000000000e+00,0.000000000000000000e+00,0.000000000000000000e+00
1.780000000000000071e+01,2.000000000000000000e+01,1.000000000000000000e+01,3.300699999999999818e+03,4.684000000000000000e+03,1.286000000000000000e+03,1.780000000000000071e+01,2.000000000000000000e+01,1.000000000000000000e+01,0.000000000000000000e+00,0.000000000000000000e+00,0.000000000000000000e+00,0.000000000000000000e+00,0.000000000000000000e+00,0.000000000000000000e+00,1.699999999999999956e+00,1.000000000000000000e+00,2.000000000000000000e+00,9.000000000000000222e-01,2.000000000000000000e+00,0.000000000000000000e+00,0.000000000000000000e+00,2.500000000000000000e-01,0.000000000000000000e+00,6.300000000000000000e+01,0.000000000000000000e+00,0.000000000000000000e+00,0.000000000000000000e+00,0.000000000000000000e+00,0.000000000000000000e+00,0.000000000000000000e+00
1.980000000000000071e+01,4.000000000000000000e+01,1.000000000000000000e+01,3.830000000000000000e+03,6.971000000000000000e+03,1.286000000000000000e+03,1.980000000000000071e+01,4.000000000000000000e+01,1.000000000000000000e+01,0.000000000000000000e+00,0.000000000000000000e+00,0.000000000000000000e+00,0.000000000000000000e+00,0.000000000000000000e+00,0.000000000000000000e+00,1.600000000000000089e+00,1.000000000000000000e+00,2.000000000000000000e+00,6.999999999999999556e-01,2.000000000000000000e+00,0.000000000000000000e+00,0.000000000000000000e+00,2.500000000000000000e-01,0.000000000000000000e+00,6.300000000000000000e+01,0.000000000000000000e+00,0.000000000000000000e+00,0.000000000000000000e+00,0.000000000000000000e+00,0.000000000000000000e+00,0.000000000000000000e+00
1.780000000000000071e+01,4.000000000000000000e+01,1.000000000000000000e+01,3.633699999999999818e+03,6.971000000000000000e+03,1.286000000000000000e+03,1.780000000000000071e+01,4.000000000000000000e+01,1.000000000000000000e+01,0.000000000000000000e+00,0.000000000000000000e+00,0.000000000000000000e+00,0.000000000000000000e+00,0.000000000000000000e+00,0.000000000000000000e+00,1.899999999999999911e+00,1.000000000000000000e+00,4.000000000000000000e+00,5.999999999999999778e-01,2.000000000000000000e+00,0.000000000000000000e+00,0.000000000000000000e+00,2.400000000000000466e-01,0.000000000000000000e+00,6.300000000000000000e+01,0.000000000000000000e+00,0.000000000000000000e+00,0.000000000000000000e+00,0.000000000000000000e+00,0.000000000000000000e+00,0.000000000000000000e+00
1.700000000000000000e+01,4.000000000000000000e+01,1.000000000000000000e+01,3.453400000000000091e+03,6.971000000000000000e+03,1.286000000000000000e+03,1.700000000000000000e+01,4.000000000000000000e+01,1.000000000000000000e+01,0.000000000000000000e+00,0.000000000000000000e+00,0.000000000000000000e+00,0.000000000000000000e+00,0.000000000000000000e+00,0.000000000000000000e+00,1.800000000000000044e+00,1.000000000000000000e+00,4.000000000000000000e+00,5.000000000000000000e-01,1.000000000000000000e+00,0.000000000000000000e+00,0.000000000000000000e+00,2.500000000000000000e-01,0.000000000000000000e+00,6.300000000000000000e+01,0.000000000000000000e+00,0.000000000000000000e+00,0.000000000000000000e+00,0.000000000000000000e+00,0.000000000000000000e+00,0.000000000000000000e+00
1.900000000000000000e+01,4.000000000000000000e+01,1.000000000000000000e+01,3.621199999999999818e+03,6.971000000000000000e+03,1.286000000000000000e+03,1.900000000000000000e+01,4.000000000000000000e+01,1.000000000000000000e+01,0.000000000000000000e+00,0.000000000000000000e+00,0.000000000000000000e+00,0.000000000000000000e+00,0.000000000000000000e+00,0.000000000000000000e+00,1.800000000000000044e+00,1.000000000000000000e+00,4.000000000000000000e+00,5.999999999999999778e-01,1.000000000000000000e+00,0.000000000000000000e+00,0.000000000000000000e+00,4.500000000000000111e-01,0.000000000000000000e+00,6.300000000000000000e+01,0.000000000000000000e+00,0.000000000000000000e+00,0.000000000000000000e+00,0.000000000000000000e+00,0.000000000000000000e+00,0.000000000000000000e+00
2.000000000000000000e+01,3.000000000000000000e+01,1.000000000000000000e+01,3.867699999999999818e+03,6.864000000000000000e+03,1.286000000000000000e+03,2.000000000000000000e+01,3.000000000000000000e+01,1.000000000000000000e+01,0.000000000000000000e+00,0.000000000000000000e+00,0.000000000000000000e+00,0.000000000000000000e+00,0.000000000000000000e+00,0.000000000000000000e+00,1.800000000000000044e+00,1.000000000000000000e+00,3.000000000000000000e+00,8.000000000000000444e-01,1.000000000000000000e+00,0.000000000000000000e+00,0.000000000000000000e+00,6.100000000000000977e-01,0.000000000000000000e+00,6.300000000000000000e+01,0.000000000000000000e+00,0.000000000000000000e+00,0.000000000000000000e+00,0.000000000000000000e+00,0.000000000000000000e+00,0.000000000000000000e+00
2.100000000000000000e+01,4.000000000000000000e+01,1.000000000000000000e+01,3.789000000000000000e+03,6.971000000000000000e+03,1.286000000000000000e+03,2.100000000000000000e+01,4.000000000000000000e+01,1.000000000000000000e+01,0.000000000000000000e+00,0.000000000000000000e+00,0.000000000000000000e+00,0.000000000000000000e+00,0.000000000000000000e+00,0.000000000000000000e+00,1.800000000000000044e+00,1.000000000000000000e+00,3.000000000000000000e+00,9.000000000000000222e-01,1.000000000000000000e+00,0.000000000000000000e+00,0.000000000000000000e+00,7.600000000000001199e-01,0.000000000000000000e+00,6.300000000000000000e+01,0.000000000000000000e+00,0.000000000000000000e+00,0.000000000000000000e+00,0.000000000000000000e+00,0.000000000000000000e+00,0.000000000000000000e+00
1.980000000000000071e+01,4.000000000000000000e+01,8.000000000000000000e+00,3.590300000000000182e+03,6.971000000000000000e+03,1.194000000000000000e+03,1.980000000000000071e+01,4.000000000000000000e+01,8.000000000000000000e+00,0.000000000000000000e+00,0.000000000000000000e+00,0.000000000000000000e+00,0.000000000000000000e+00,0.000000000000000000e+00,0.000000000000000000e+00,2.000000000000000000e+00,1.000000000000000000e+00,4.000000000000000000e+00,9.000000000000000222e-01,1.000000000000000000e+00,0.000000000000000000e+00,0.000000000000000000e+00,5.599999999999999423e-01,0.000000000000000000e+00,6.300000000000000000e+01,0.000000000000000000e+00,0.000000000000000000e+00,0.000000000000000000e+00,0.000000000000000000e+00,0.000000000000000000e+00,0.000000000000000000e+00
1.980000000000000071e+01,4.000000000000000000e+01,8.000000000000000000e+00,4.041199999999999818e+03,7.473000000000000000e+03,1.194000000000000000e+03,1.980000000000000071e+01,4.000000000000000000e+01,8.000000000000000000e+00,0.000000000000000000e+00,0.000000000000000000e+00,0.000000000000000000e+00,0.000000000000000000e+00,0.000000000000000000e+00,0.000000000000000000e+00,1.899999999999999911e+00,1.000000000000000000e+00,4.000000000000000000e+00,6.999999999999999556e-01,1.000000000000000000e+00,0.000000000000000000e+00,0.000000000000000000e+00,4.400000000000000577e-01,0.000000000000000000e+00,6.300000000000000000e+01,0.000000000000000000e+00,0.000000000000000000e+00,0.000000000000000000e+00,0.000000000000000000e+00,0.000000000000000000e+00,0.000000000000000000e+00
2.160000000000000142e+01,4.000000000000000000e+01,8.000000000000000000e+00,4.650699999999999818e+03,8.275000000000000000e+03,1.194000000000000000e+03,2.160000000000000142e+01,4.000000000000000000e+01,8.000000000000000000e+00,0.000000000000000000e+00,0.000000000000000000e+00,0.000000000000000000e+00,0.000000000000000000e+00,0.000000000000000000e+00,0.000000000000000000e+00,2.200000000000000178e+00,1.000000000000000000e+00,4.000000000000000000e+00,5.000000000000000000e-01,1.000000000000000000e+00,0.000000000000000000e+00,0.000000000000000000e+00,2.500000000000000000e-01,0.000000000000000000e+00,6.300000000000000000e+01,0.000000000000000000e+00,0.000000000000000000e+00,0.000000000000000000e+00,0.000000000000000000e+00,0.000000000000000000e+00,0.000000000000000000e+00
2.060000000000000142e+01,4.000000000000000000e+01,8.000000000000000000e+00,4.851199999999999818e+03,8.759000000000000000e+03,1.194000000000000000e+03,2.060000000000000142e+01,4.000000000000000000e+01,8.000000000000000000e+00,0.000000000000000000e+00,0.000000000000000000e+00,0.000000000000000000e+00,0.000000000000000000e+00,0.000000000000000000e+00,0.000000000000000000e+00,2.100000000000000089e+00,1.000000000000000000e+00,4.000000000000000000e+00,4.000000000000000222e-01,1.000000000000000000e+00,0.000000000000000000e+00,0.000000000000000000e+00,4.500000000000000111e-01,0.000000000000000000e+00,6.300000000000000000e+01,0.000000000000000000e+00,0.000000000000000000e+00,0.000000000000000000e+00,0.000000000000000000e+00,0.000000000000000000e+00,0.000000000000000000e+00
2.180000000000000071e+01,4.000000000000000000e+01,1.000000000000000000e+01,5.049899999999999636e+03,8.759000000000000000e+03,2.789000000000000000e+03,2.180000000000000071e+01,4.000000000000000000e+01,1.000000000000000000e+01,0.000000000000000000e+00,0.000000000000000000e+00,0.000000000000000000e+00,0.000000000000000000e+00,0.000000000000000000e+00,0.000000000000000000e+00,2.299999999999999822e+00,1.000000000000000000e+00,4.000000000000000000e+00,2.999999999999999889e-01,1.000000000000000000e+00,0.000000000000000000e+00,0.000000000000000000e+00,4.099999999999999756e-01,0.000000000000000000e+00,6.300000000000000000e+01,0.000000000000000000e+00,0.000000000000000000e+00,0.000000000000000000e+00,0.000000000000000000e+00,0.000000000000000000e+00,0.000000000000000000e+00
2.000000000000000000e+01,4.000000000000000000e+01,1.000000000000000000e+01,4.440399999999999636e+03,8.759000000000000000e+03,1.895000000000000000e+03,2.000000000000000000e+01,4.000000000000000000e+01,1.000000000000000000e+01,0.000000000000000000e+00,0.000000000000000000e+00,0.000000000000000000e+00,0.000000000000000000e+00,0.000000000000000000e+00,0.000000000000000000e+00,2.200000000000000178e+00,1.000000000000000000e+00,4.000000000000000000e+00,2.999999999999999889e-01,1.000000000000000000e+00,0.000000000000000000e+00,0.000000000000000000e+00,4.099999999999999756e-01,0.000000000000000000e+00,6.300000000000000000e+01,0.000000000000000000e+00,0.000000000000000000e+00,0.000000000000000000e+00,0.000000000000000000e+00,0.000000000000000000e+00,0.000000000000000000e+00
2.080000000000000071e+01,3.800000000000000000e+01,1.000000000000000000e+01,4.738600000000000364e+03,9.561000000000000000e+03,1.895000000000000000e+03,2.080000000000000071e+01,3.800000000000000000e+01,1.000000000000000000e+01,0.000000000000000000e+00,0.000000000000000000e+00,0.000000000000000000e+00,0.000000000000000000e+00,0.000000000000000000e+00,0.000000000000000000e+00,2.200000000000000178e+00,1.000000000000000000e+00,4.000000000000000000e+00,5.000000000000000000e-01,1.000000000000000000e+00,0.000000000000000000e+00,0.000000000000000000e+00,3.600000000000000422e-01,0.000000000000000000e+00,6.300000000000000000e+01,0.000000000000000000e+00,0.000000000000000000e+00,0.000000000000000000e+00,0.000000000000000000e+00,0.000000000000000000e+00,0.000000000000000000e+00
2.080000000000000071e+01,3.800000000000000000e+01,1.000000000000000000e+01,4.498899999999999636e+03,9.561000000000000000e+03,1.286000000000000000e+03,2.080000000000000071e+01,3.800000000000000000e+01,1.000000000000000000e+01,0.000000000000000000e+00,0.000000000000000000e+00,0.000000000000000000e+00,0.000000000000000000e+00,0.000000000000000000e+00,0.000000000000000000e+00,2.200000000000000178e+00,1.000000000000000000e+00,3.000000000000000000e+00,5.000000000000000000e-01,1.000000000000000000e+00,0.000000000000000000e+00,0.000000000000000000e+00,2.099999999999999645e-01,0.000000000000000000e+00,6.300000000000000000e+01,0.000000000000000000e+00,0.000000000000000000e+00,0.000000000000000000e+00,0.000000000000000000e+00,0.000000000000000000e+00,0.000000000000000000e+00
